{
  "version": 1,
  "timestamp": 1525730639738,
  "graph": {
    "options": {
      "directed": true,
      "multigraph": false,
      "compound": false
    },
    "nodes": [
      {
        "v": "00-atoms\\00-global\\00-brand-colors.mustache",
        "value": {
          "compileState": "clean"
        }
      },
      {
        "v": "00-atoms\\00-global\\01-neutral-colors.mustache",
        "value": {
          "compileState": "clean"
        }
      },
      {
        "v": "00-atoms\\00-global\\02-utility-colors.mustache",
        "value": {
          "compileState": "clean"
        }
      },
      {
        "v": "00-atoms\\00-global\\03-fonts.mustache",
        "value": {
          "compileState": "clean"
        }
      },
      {
        "v": "00-atoms\\00-global\\04-animations.mustache",
        "value": {
          "compileState": "clean"
        }
      },
      {
        "v": "00-atoms\\buttons\\button-lrg.mustache",
        "value": {
          "compileState": "clean"
        }
      },
      {
        "v": "00-atoms\\buttons\\button.mustache",
        "value": {
          "compileState": "clean",
          "lineagePath": "../../patterns/02-organisms-lists-media-lg-list\\02-organisms-lists-media-lg-list.rendered.html",
          "lineagePattern": "organisms-media-lg-list"
        }
      },
      {
        "v": "00-atoms\\buttons\\text-button.mustache",
        "value": {
          "compileState": "clean",
          "lineagePath": "../../patterns/02-organisms-sections-section-media-list\\02-organisms-sections-section-media-list.rendered.html",
          "lineagePattern": "organisms-section-media-list"
        }
      },
      {
        "v": "00-atoms\\forms\\00-text-field.mustache",
        "value": {
          "compileState": "clean"
        }
      },
      {
        "v": "00-atoms\\forms\\01-text-area.mustache",
        "value": {
          "compileState": "clean"
        }
      },
      {
        "v": "00-atoms\\forms\\02-select-menu.mustache",
        "value": {
          "compileState": "clean"
        }
      },
      {
        "v": "00-atoms\\forms\\03-radio-button.mustache",
        "value": {
          "compileState": "clean"
        }
      },
      {
        "v": "00-atoms\\forms\\04-checkbox.mustache",
        "value": {
          "compileState": "clean"
        }
      },
      {
        "v": "00-atoms\\images\\hero.mustache",
        "value": {
          "compileState": "clean",
          "lineagePath": "../../patterns/01-molecules-blocks-block-hero\\01-molecules-blocks-block-hero.rendered.html",
          "lineagePattern": "molecules-block-hero"
        }
      },
      {
        "v": "00-atoms\\images\\landscape.mustache",
        "value": {
          "compileState": "clean",
          "lineagePath": "../../patterns/01-molecules-media-figure-with-caption\\01-molecules-media-figure-with-caption.rendered.html",
          "lineagePattern": "molecules-figure-with-caption"
        }
      },
      {
        "v": "00-atoms\\images\\square.mustache",
        "value": {
          "compileState": "clean",
          "lineagePath": "../../patterns/01-molecules-blocks-media-lg\\01-molecules-blocks-media-lg.rendered.html",
          "lineagePattern": "molecules-media-lg"
        }
      },
      {
        "v": "00-atoms\\text\\headings.mustache",
        "value": {
          "compileState": "clean"
        }
      },
      {
        "v": "00-atoms\\text\\hr.mustache",
        "value": {
          "compileState": "clean"
        }
      },
      {
        "v": "00-atoms\\text\\inline-elements.mustache",
        "value": {
          "compileState": "clean"
        }
      },
      {
        "v": "00-atoms\\text\\paragraph.mustache",
        "value": {
          "compileState": "clean"
        }
      },
      {
        "v": "00-atoms\\text\\preformatted-text.mustache",
        "value": {
          "compileState": "clean"
        }
      },
      {
        "v": "01-molecules\\blocks\\block-hero.mustache",
        "value": {
          "compileState": "clean"
        }
      },
      {
        "v": "01-molecules\\blocks\\block-media@inreview.mustache",
        "value": {
          "compileState": "clean",
          "lineagePath": "../../patterns/02-organisms-lists-media-list\\02-organisms-lists-media-list.rendered.html",
          "lineagePattern": "organisms-media-list"
        }
      },
      {
        "v": "01-molecules\\blocks\\block-tile.mustache",
        "value": {
          "compileState": "clean",
          "lineagePath": "../../patterns/02-organisms-sections-tile-grid\\02-organisms-sections-tile-grid.rendered.html",
          "lineagePattern": "organisms-tile-grid"
        }
      },
      {
        "v": "01-molecules\\blocks\\block-tout-lg.mustache",
        "value": {
          "compileState": "clean",
          "lineagePath": "../../patterns/02-organisms-lists-tout-list-lg\\02-organisms-lists-tout-list-lg.rendered.html",
          "lineagePattern": "organisms-tout-list-lg"
        }
      },
      {
        "v": "01-molecules\\blocks\\block-tout.mustache",
        "value": {
          "compileState": "clean",
          "lineagePath": "../../patterns/02-organisms-lists-tout-list\\02-organisms-lists-tout-list.rendered.html",
          "lineagePattern": "organisms-tout-list"
        }
      },
      {
        "v": "01-molecules\\blocks\\landing-img.mustache",
        "value": {
          "compileState": "clean",
          "lineagePath": "../../patterns/03-templates-articles\\03-templates-articles.rendered.html",
          "lineagePattern": "templates-articles"
        }
      },
      {
        "v": "01-molecules\\blocks\\media-lg.mustache",
        "value": {
          "compileState": "clean",
          "lineagePath": "../../patterns/02-organisms-lists-media-lg-list\\02-organisms-lists-media-lg-list.rendered.html",
          "lineagePattern": "organisms-media-lg-list"
        }
      },
      {
        "v": "01-molecules\\blocks\\slideshow.mustache",
        "value": {
          "compileState": "clean",
          "lineagePath": "../../patterns/03-templates-homepage\\03-templates-homepage.rendered.html",
          "lineagePattern": "templates-homepage"
        }
      },
      {
        "v": "01-molecules\\forms\\field.mustache",
        "value": {
          "compileState": "clean",
          "lineagePath": "../../patterns/02-organisms-forms-stacked-form\\02-organisms-forms-stacked-form.rendered.html",
          "lineagePattern": "organisms-stacked-form"
        }
      },
      {
        "v": "01-molecules\\forms\\search.mustache",
        "value": {
          "compileState": "clean"
        }
      },
      {
        "v": "01-molecules\\forms\\textarea.mustache",
        "value": {
          "compileState": "clean",
          "lineagePath": "../../patterns/02-organisms-forms-stacked-form\\02-organisms-forms-stacked-form.rendered.html",
          "lineagePattern": "organisms-stacked-form"
        }
      },
      {
        "v": "01-molecules\\layout\\00-one-up.mustache",
        "value": {
          "compileState": "clean"
        }
      },
      {
        "v": "01-molecules\\media\\figure-with-caption.mustache",
        "value": {
          "compileState": "clean"
        }
      },
      {
        "v": "01-molecules\\messaging\\alert.mustache",
        "value": {
          "compileState": "clean"
        }
      },
      {
        "v": "01-molecules\\messaging\\overlay.mustache",
        "value": {
          "compileState": "clean",
          "lineagePath": "../../patterns/02-organisms-sections-section-media-list\\02-organisms-sections-section-media-list.rendered.html",
          "lineagePattern": "organisms-section-media-list"
        }
      },
      {
        "v": "01-molecules\\navigation\\footer-nav.mustache",
        "value": {
          "compileState": "clean"
        }
      },
      {
        "v": "01-molecules\\navigation\\pagination.mustache",
        "value": {
          "compileState": "clean",
          "lineagePath": "../../patterns/02-organisms-sections-section-media-list\\02-organisms-sections-section-media-list.rendered.html",
          "lineagePattern": "organisms-section-media-list"
        }
      },
      {
        "v": "01-molecules\\navigation\\primary-nav.mustache",
        "value": {
          "compileState": "clean",
          "lineagePath": "../../patterns/03-templates-homepage\\03-templates-homepage.rendered.html",
          "lineagePattern": "templates-homepage"
        }
      },
      {
        "v": "01-molecules\\text\\blockquote.mustache",
        "value": {
          "compileState": "clean"
        }
      },
      {
        "v": "02-organisms\\00-global\\footer.mustache",
        "value": {
          "compileState": "clean",
          "lineagePath": "../../patterns/03-templates-homepage\\03-templates-homepage.rendered.html",
          "lineagePattern": "templates-homepage"
        }
      },
      {
        "v": "02-organisms\\00-global\\header.mustache",
        "value": {
          "compileState": "clean",
          "lineagePath": "../../patterns/03-templates-homepage\\03-templates-homepage.rendered.html",
          "lineagePattern": "templates-homepage"
        }
      },
      {
        "v": "02-organisms\\forms\\stacked-form.mustache",
        "value": {
          "compileState": "clean"
        }
      },
      {
        "v": "02-organisms\\lists\\media-lg-list.mustache",
        "value": {
          "compileState": "clean",
          "lineagePath": "../../patterns/03-templates-homepage\\03-templates-homepage.rendered.html",
          "lineagePattern": "templates-homepage"
        }
      },
      {
        "v": "02-organisms\\lists\\media-list.mustache",
        "value": {
          "compileState": "clean",
          "lineagePath": "../../patterns/02-organisms-sections-section-media-list\\02-organisms-sections-section-media-list.rendered.html",
          "lineagePattern": "organisms-section-media-list"
        }
      },
      {
        "v": "02-organisms\\lists\\tile-list.mustache",
        "value": {
          "compileState": "clean",
          "lineagePath": "../../patterns/02-organisms-sections-tile-grid\\02-organisms-sections-tile-grid.rendered.html",
          "lineagePattern": "organisms-tile-grid"
        }
      },
      {
        "v": "02-organisms\\lists\\tout-list-lg.mustache",
        "value": {
          "compileState": "clean"
        }
      },
      {
        "v": "02-organisms\\lists\\tout-list.mustache",
        "value": {
          "compileState": "clean"
        }
      },
      {
        "v": "02-organisms\\sections\\section-media-list.mustache",
        "value": {
          "compileState": "clean",
          "lineagePath": "../../patterns/03-templates-homepage\\03-templates-homepage.rendered.html",
          "lineagePattern": "templates-homepage"
        }
      },
      {
        "v": "02-organisms\\sections\\tile-grid.mustache",
        "value": {
          "compileState": "clean"
        }
      },
      {
        "v": "02-organisms\\text\\page-header.mustache",
        "value": {
          "compileState": "clean"
        }
      },
      {
        "v": "02-organisms\\text\\text-blob.mustache",
        "value": {
          "compileState": "clean"
        }
      },
      {
        "v": "03-templates\\articles.mustache",
        "value": {
          "compileState": "clean",
          "lineagePath": "../../patterns/04-pages-04-music\\04-pages-04-music.rendered.html",
          "lineagePattern": "pages-music"
        }
      },
      {
        "v": "03-templates\\homepage.mustache",
        "value": {
          "compileState": "clean",
          "lineagePath": "../../patterns/04-pages-00-homepage\\04-pages-00-homepage.rendered.html",
          "lineagePattern": "pages-homepage"
        }
      },
      {
        "v": "04-pages\\00-homepage.mustache",
        "value": {
          "compileState": "clean"
        }
      },
      {
        "v": "04-pages\\01-photos.mustache",
        "value": {
          "compileState": "clean"
        }
      },
      {
        "v": "04-pages\\02-videos.mustache",
        "value": {
          "compileState": "clean"
        }
      },
      {
        "v": "04-pages\\03-words.mustache",
        "value": {
          "compileState": "clean"
        }
      },
      {
        "v": "04-pages\\04-music.mustache",
        "value": {
          "compileState": "clean"
        }
      },
      {
        "v": "C:\\Users\\Austin\\Desktop\\Web Development\\Semester 4\\CITPT 292 - Advanced Web Design\\water-mag\\edition-node-gulp-1.3.4\\source\\_meta\\_00-head.mustache",
        "value": {
          "compileState": null
        }
      },
      {
        "v": "C:\\Users\\Austin\\Desktop\\Web Development\\Semester 4\\CITPT 292 - Advanced Web Design\\water-mag\\edition-node-gulp-1.3.4\\source\\_meta\\_01-foot.mustache",
        "value": {
          "compileState": null
        }
      }
    ],
    "edges": [
      {
        "v": "01-molecules\\blocks\\block-hero.mustache",
        "w": "00-atoms\\images\\hero.mustache",
        "value": {}
      },
      {
        "v": "01-molecules\\blocks\\block-media@inreview.mustache",
        "w": "00-atoms\\images\\square.mustache",
        "value": {}
      },
      {
        "v": "01-molecules\\blocks\\block-tile.mustache",
        "w": "01-molecules\\messaging\\overlay.mustache",
        "value": {}
      },
      {
        "v": "01-molecules\\blocks\\block-tout.mustache",
        "w": "00-atoms\\images\\landscape.mustache",
        "value": {}
      },
      {
        "v": "01-molecules\\blocks\\media-lg.mustache",
        "w": "00-atoms\\images\\square.mustache",
        "value": {}
      },
      {
        "v": "01-molecules\\media\\figure-with-caption.mustache",
        "w": "00-atoms\\images\\landscape.mustache",
        "value": {}
      },
      {
        "v": "02-organisms\\forms\\stacked-form.mustache",
        "w": "01-molecules\\forms\\field.mustache",
        "value": {}
      },
      {
        "v": "02-organisms\\forms\\stacked-form.mustache",
        "w": "01-molecules\\forms\\textarea.mustache",
        "value": {}
      },
      {
        "v": "02-organisms\\forms\\stacked-form.mustache",
        "w": "00-atoms\\buttons\\button.mustache",
        "value": {}
      },
      {
        "v": "02-organisms\\lists\\media-lg-list.mustache",
        "w": "01-molecules\\blocks\\media-lg.mustache",
        "value": {}
      },
      {
        "v": "02-organisms\\lists\\media-lg-list.mustache",
        "w": "00-atoms\\buttons\\button.mustache",
        "value": {}
      },
      {
        "v": "02-organisms\\lists\\media-list.mustache",
        "w": "01-molecules\\blocks\\block-media@inreview.mustache",
        "value": {}
      },
      {
        "v": "02-organisms\\lists\\tile-list.mustache",
        "w": "01-molecules\\blocks\\block-tile.mustache",
        "value": {}
      },
      {
        "v": "02-organisms\\lists\\tout-list-lg.mustache",
        "w": "01-molecules\\blocks\\block-tout-lg.mustache",
        "value": {}
      },
      {
        "v": "02-organisms\\lists\\tout-list.mustache",
        "w": "01-molecules\\blocks\\block-tout.mustache",
        "value": {}
      },
      {
        "v": "02-organisms\\sections\\section-media-list.mustache",
        "w": "02-organisms\\lists\\media-list.mustache",
        "value": {}
      },
      {
        "v": "02-organisms\\sections\\section-media-list.mustache",
        "w": "00-atoms\\buttons\\text-button.mustache",
        "value": {}
      },
      {
        "v": "02-organisms\\sections\\section-media-list.mustache",
        "w": "01-molecules\\navigation\\pagination.mustache",
        "value": {}
      },
      {
        "v": "02-organisms\\sections\\section-media-list.mustache",
        "w": "01-molecules\\messaging\\overlay.mustache",
        "value": {}
      },
      {
        "v": "02-organisms\\sections\\tile-grid.mustache",
        "w": "01-molecules\\blocks\\block-tile.mustache",
        "value": {}
      },
      {
        "v": "02-organisms\\sections\\tile-grid.mustache",
        "w": "02-organisms\\lists\\tile-list.mustache",
        "value": {}
      },
      {
        "v": "03-templates\\articles.mustache",
        "w": "02-organisms\\00-global\\header.mustache",
        "value": {}
      },
      {
        "v": "03-templates\\articles.mustache",
        "w": "01-molecules\\navigation\\primary-nav.mustache",
        "value": {}
      },
      {
        "v": "03-templates\\articles.mustache",
        "w": "01-molecules\\blocks\\landing-img.mustache",
        "value": {}
      },
      {
        "v": "03-templates\\articles.mustache",
        "w": "02-organisms\\sections\\section-media-list.mustache",
        "value": {}
      },
      {
        "v": "03-templates\\articles.mustache",
        "w": "02-organisms\\lists\\media-lg-list.mustache",
        "value": {}
      },
      {
        "v": "03-templates\\articles.mustache",
        "w": "02-organisms\\00-global\\footer.mustache",
        "value": {}
      },
      {
        "v": "03-templates\\homepage.mustache",
        "w": "02-organisms\\00-global\\header.mustache",
        "value": {}
      },
      {
        "v": "03-templates\\homepage.mustache",
        "w": "01-molecules\\navigation\\primary-nav.mustache",
        "value": {}
      },
      {
        "v": "03-templates\\homepage.mustache",
        "w": "01-molecules\\blocks\\slideshow.mustache",
        "value": {}
      },
      {
        "v": "03-templates\\homepage.mustache",
        "w": "02-organisms\\sections\\section-media-list.mustache",
        "value": {}
      },
      {
        "v": "03-templates\\homepage.mustache",
        "w": "02-organisms\\lists\\media-lg-list.mustache",
        "value": {}
      },
      {
        "v": "03-templates\\homepage.mustache",
        "w": "02-organisms\\00-global\\footer.mustache",
        "value": {}
      },
      {
        "v": "04-pages\\00-homepage.mustache",
        "w": "03-templates\\homepage.mustache",
        "value": {}
      },
      {
        "v": "04-pages\\01-photos.mustache",
        "w": "03-templates\\articles.mustache",
        "value": {}
      },
      {
        "v": "04-pages\\02-videos.mustache",
        "w": "03-templates\\articles.mustache",
        "value": {}
      },
      {
        "v": "04-pages\\03-words.mustache",
        "w": "03-templates\\articles.mustache",
        "value": {}
      },
      {
        "v": "04-pages\\04-music.mustache",
        "w": "03-templates\\articles.mustache",
        "value": {}
      }
    ]
  }
}
