{
    "company" : {
        "name" : "Water Magazine",
        "url" : "http://watermag.com"
    },
    "title" : "Water",
    "pageTitle": "Page Title",
    "htmlClass": "pl",
    "bodyClass": "body",
    "btnText" : "Button",
    "progress" : true,
    "max" : "100",
    "progressValue" : "85",
	"alertText" : "An alert is messaging that tells the user some information. Alerts can be error, warning, success, or info messages",
    "quoteText" : "A block quotation (also known as a long quotation or extract) is a quotation in a written document, that is set off from the main text as a paragraph, or block of text, and typically distinguished visually using indentation and a different typeface or smaller size quotation.",
    "quoteSource" : "<a href='https://en.wikipedia.org/wiki/Block_quotation'>Wikiepedia</a>",
    "img": {
        "landscape-4x3": {
            "src": "../../images/fpo_4x3.png",
            "alt": "4x3 Image"
        },
        "landscape-16x9": {
            "src": "../../images/fpo_hero.png",
            "alt": "16x9 Image"
        },
        "avatar" : {
            "src" : "../../images/fpo_avatar.png",
            "alt" : "Person Name"
        }
    },
    "imgSquare" : {
        "src": "../../images/fpo_square.png",
        "alt": "Square Image"
    },
    "imgHero" : {
        "src": "../../images/fpo_hero.png",
        "alt": "Hero Image"
    },
    "imgLandscape" : {
        "src": "../../images/fpo_16x9.png",
        "alt": "Landscape Image"
    },
    "headline" : {
        "short" : "Lorem ipsum dolor sit (37 characters)",
        "medium" : "Lorem ipsum dolor sit amet, consectetur adipiscing elit iopa. (76 characters)"
    },
    "sectionTitle" : "Section Title",
    "excerpt" : {
        "short" : "Lorem ipsum dolor sit amet, consectetur adipisicing elit, sed do eiusmod tempor incididunt ut labore et dolore magna aliqua. Ut enim ad minim veniam",
        "medium" : "Lorem ipsum dolor sit amet, consectetur adipisicing elit, sed do eiusmod tempor incididunt ut labore et dolore magna aliqua. Ut enim ad minim veniam, quis nostrud exercitation ullamco laboris nisi ut aliquip ex ea commodo consequat.",
        "long" : "Lorem ipsum dolor sit amet, consectetur adipisicing elit, sed do eiusmod tempor incididunt ut labore et dolore magna aliqua. Ut enim ad minim veniam, quis nostrud exercitation ullamco laboris nisi ut aliquip ex ea commodo consequat. Duis aute irure dolor in reprehenderit in voluptate velit esse cillum dolore eu fugiat nulla pariatur. Excepteur sint occaecat cupidatat non proident, sunt in culpa qui officia deserunt mollit anim id est laborum."
    },
    "number" : "12",
    "primaryNav" : [
        {
            "label": "Home",
            "url": "link.pages-homepage"
        },
        {
            "label": "Photos",
            "url": "link.pages-photos"
        },
        {
            "label": "Videos",
            "url": "link.pages-videos"
        },
        {
            "label": "Words",
            "url": "link.pages-words"
        },
        {
            "label": "Music",
            "url": "link.pages-music"
        }
    ],
    "footerNav" : [
        {
            "label": "About",
            "url": "link.pages-about"
        },
        {
            "label": "Blog",
            "url": "link.pages-blog-index"
        },
        {
            "label": "Contact",
            "url": "link.pages-contact"
        },
        {
            "label": "Login",
            "url": "link.pages-login"
        }
    ],
    "url" : "#",
    "htmlText" : "<p>Lorem ipsum dolor sit amet, consectetur adipisicing elit. Quis, unde, dolore? Ex fugit, necessitatibus tempore neque ullam nostrum ducimus alias beatae voluptatibus iusto, perspiciatis tenetur consectetur reprehenderit, harum quae rerum!</p><p>Lorem ipsum dolor sit amet, consectetur adipisicing elit. Suscipit corrupti fuga, quas quisquam perspiciatis. Consequatur, atque ducimus dolores natus officia qui rerum consectetur repellat ullam accusantium laboriosam, reprehenderit nemo deleniti</p>",
    "form" : true,
    "field" : {
        "id" : "field-id",
        "label" : "label",
        "type" : "text",
        "placeholder" : "Placeholder",
        "value" : "",
        "fieldNote" : ""
    },
    "year" : "2016",
    "fields" : [
        { },
        { }
    ],
    "textarea" : {
	    "label" : "label"
    },
    "hero": true,
    "alert": true,
    "latestPosts" : {
        "mediaList": [
            {
            },
            {
            },
            {
            }
        ],
        "textButton" : false,
        "pagination" : true
    },
    "featuredPosts" : {
        "mediaList": [
            {
	            "styleModifier" : "small"
            },
            {
	            "styleModifier" : "small"
            },
            {
	            "styleModifier" : "small"
            }
        ],
        "pagination" : false
    },
    "featuredChallenges" : {
	    "mediaList": [
		    {},
		    {},
		    {},
		    {}
		],
		"textButton" : false,
		"pagination" : true
	},
    "featuredPeople" : {
        "mediaList": [
            {
                "styleModifier" : "small"
            },
            {
                "styleModifier" : "small"
            },
            {
                "styleModifier" : "small"
            }
        ],
        "pagination" : false
    },
    "featuredHikes" : {
        "mediaList": [
            {
                "styleModifier" : "small"
            },
            {
                "styleModifier" : "small"
            },
            {
                "styleModifier" : "small"
            }
        ],
        "pagination" : false
    },

    "toutList": [
        { },
        { },
        { }
    ],
    "mediaList": [
        { },
        { },
        { }
    ],
    "blockFeature": true,
    "tileList": [
        { },
        { },
        { },
        { }
    ],
	"paginationList" : [
		{
			"url" : "#",
			"number" : "1"
		},
		{
			"url" : "#",
			"number" : "2"
		},
		{
			"url" : "#",
			"number" : "3"
		},
		{
			"url" : "#",
			"number" : "4"
		},
		{
			"url" : "#",
			"number" : "5"
		},
		{
			"url" : "#",
			"number" : "6"
		},
		{
			"url" : "#",
			"number" : "7"
		},
		{
			"url" : "#",
			"number" : "8"
		},	{
			"url" : "#",
			"number" : "9"
		},
		{
			"url" : "#",
			"number" : "10"
		}				
	],			
    "sectionBlock" : true,
    "textButton" : true,
	"overlayMessage" : "Let's go on a hike and climb in elevation",
	"overlayAction" : "Find a Hike"
}
