{
	"title" : "Home Page",
	"bodyClass": "blue-square",
	"emergency" : false,
	"latestPosts" : {
		"sectionTitle": "",
		"mediaList": [
			{
				"url" : "",
				"imgSquare" : {
					"src": "../../images/tn-1.jpg",
					"alt": "red mountains"
				},
				"headline" : {
					"short" : "Our Soundtrack to Portland"
				},
				"excerpt" : {
					"medium" : "A playlist that screams Rip City."
				}
				
			},
			{
				"url" : "",
				"imgSquare" : {
					"src": "../../images/tn-2.jpg",
					"alt": "road with trees"
				},
				"headline" : {
					"short" : "Surfing Alone"
				},
				"excerpt" : {
					"medium" : "The pros and cons of surfing by yourself."
				}
				
			},
			{
				"url" : "",
				"imgSquare" : {
					"src": "../../images/tn-3.jpg",
					"alt": "mountain and lake"
				},
				"headline" : {
					"short" : "The 5 Best Hikes You Need to Add to Your Bucket List"
				},
				"excerpt" : {
					"medium" : ""
				}
				
			},
			{
				"url" : "",
				"imgSquare" : {
					"src": "../../images/tn-4.jpg",
					"alt": "road with trees"
				},
				"headline" : {
					"short" : "The History of Venice Beach"
				},
				"excerpt" : {
					"medium" : "How Venice Beach became to be the way it is today."
				}
				
			},
			{
				"url" : "",
				"imgSquare" : {
					"src": "../../images/tn-5.jpg",
					"alt": "mountain and lake"
				},
				"headline" : {
					"short" : "Water's Surf Crew in Norway"
				},
				"excerpt" : {
					"medium" : "Photos taken on the first trip of the year."
				}
				
			},
			{
				"url" : "",
				"imgSquare" : {
					"src": "../../images/tn-6.jpg",
					"alt": "mountain and lake"
				},
				"headline" : {
					"short" : "Hidden Gems for Your Next Skate Trip"
				},
				"excerpt" : {
					"medium" : "The best places to skate that you have never heard of before."
				}
				
			},
			{
				"url" : "",
				"imgSquare" : {
					"src": "../../images/tn-7.jpg",
					"alt": "mountain and lake"
				},
				"headline" : {
					"short" : "The Best Tattoo Shops in Cali"
				},
				"excerpt" : {
					"medium" : ""
				}
				
			},
			{
				"url" : "",
				"imgSquare" : {
					"src": "../../images/tn-8.jpg",
					"alt": "mountain and lake"
				},
				"headline" : {
					"short" : "The Guide to Art Museums"
				},
				"excerpt" : {
					"medium" : "How to view art, what to expect, and what not to do."
				}
				
			}
		],
		"mediaLargeList": [
			{
				"url" : "",
				"imgSquare" : {
					"src": "../../images/lg-1.jpg",
					"alt": "red mountains"
				},
				"headline" : {
					"short" : "Living in Cape Town"
				},
				"excerpt" : {
					"medium" : "Cape Town is a port city on South Africa’s southwest coast, on a peninsula beneath the imposing Table Mountain."
				}
				
			},
			{
				"style": "right",
				"url" : "",
				"imgSquare" : {
					"src": "../../images/lg-2.jpg",
					"alt": "road with trees"
				},
				"headline" : {
					"short" : "Best Urban Photographers of 2018"
				},
				"excerpt" : {
					"medium" : ""
				}
				
			},
			{
				"url" : "",
				"imgSquare" : {
					"src": "../../images/lg-3.jpg",
					"alt": "mountain and lake"
				},
				"headline" : {
					"short" : "Pool Party Games"
				},
				"excerpt" : {
					"medium" : "The most fun games for your next pool party."
				}
				
			},
			{
				"style": "right",
				"url" : "",
				"imgSquare" : {
					"src": "../../images/lg-4.jpg",
					"alt": "road with trees"
				},
				"headline" : {
					"short" : "Pictures of Palm Trees"
				},
				"excerpt" : {
					"medium" : "A set of photographs of different palm trees around the world."
				}
				
			}
		],
		"btnText" : "View More",
		"pagination" : {
			"paginationList" : [
			
			]			
		}
	}
}