{
	"title" : "Photos",
	"bodyClass": "blue-square",
	"emergency" : false,
    "landingImage" : [
        {
            "style" : "photos"
        }
    ],
	"latestPosts" : {
		"sectionTitle": "",
		"mediaList": [
			{
				"url" : "",
				"imgSquare" : {
					"src": "../../images/fpo_16X9.png",
					"alt": "red mountains"
				},
				"headline" : {
					"short" : "This is a title"
				},
				"excerpt" : {
					"medium" : "This is a description."
				}
				
			},
			{
				"url" : "",
				"imgSquare" : {
					"src": "../../images/fpo_16X9.png",
					"alt": "red mountains"
				},
				"headline" : {
					"short" : "This is a title"
				},
				"excerpt" : {
					"medium" : "This is a description."
				}
				
			},
			{
				"url" : "",
				"imgSquare" : {
					"src": "../../images/fpo_16X9.png",
					"alt": "red mountains"
				},
				"headline" : {
					"short" : "This is a title"
				},
				"excerpt" : {
					"medium" : "This is a description."
				}
				
			},
			{
				"url" : "",
				"imgSquare" : {
					"src": "../../images/fpo_16X9.png",
					"alt": "red mountains"
				},
				"headline" : {
					"short" : "This is a title"
				},
				"excerpt" : {
					"medium" : "This is a description."
				}
				
			},
			{
				"url" : "",
				"imgSquare" : {
					"src": "../../images/tn-5.jpg",
					"alt": "mountain and lake"
				},
				"headline" : {
					"short" : "Water's Surf Crew in Norway"
				},
				"excerpt" : {
					"medium" : "Photos taken on the first trip of the year."
				}
				
			},
			{
				"url" : "",
				"imgSquare" : {
					"src": "../../images/fpo_16X9.png",
					"alt": "red mountains"
				},
				"headline" : {
					"short" : "This is a title"
				},
				"excerpt" : {
					"medium" : "This is a description."
				}
				
			},
			{
				"url" : "",
				"imgSquare" : {
					"src": "../../images/fpo_16X9.png",
					"alt": "red mountains"
				},
				"headline" : {
					"short" : "This is a title"
				},
				"excerpt" : {
					"medium" : "This is a description."
				}
				
			},
			{
				"url" : "",
				"imgSquare" : {
					"src": "../../images/fpo_16X9.png",
					"alt": "red mountains"
				},
				"headline" : {
					"short" : "This is a title"
				},
				"excerpt" : {
					"medium" : "This is a description."
				}
				
			}
		],
		"mediaLargeList": [
			{
				"url" : "",
				"imgSquare" : {
					"src": "../../images/fpo_16X9.png",
					"alt": "red mountains"
				},
				"headline" : {
					"short" : "This is a title"
				},
				"excerpt" : {
					"medium" : "This is a description."
				}
				
			},
			{
				"style": "right",
				"url" : "",
				"imgSquare" : {
					"src": "../../images/lg-2.jpg",
					"alt": "road with trees"
				},
				"headline" : {
					"short" : "Best Urban Photographers of 2018"
				},
				"excerpt" : {
					"medium" : ""
				}
				
			},
			{
				"url" : "",
				"imgSquare" : {
					"src": "../../images/fpo_16X9.png",
					"alt": "red mountains"
				},
				"headline" : {
					"short" : "This is a title"
				},
				"excerpt" : {
					"medium" : "This is a description."
				}
				
			},
			{
				"style": "right",
				"url" : "",
				"imgSquare" : {
					"src": "../../images/lg-4.jpg",
					"alt": "road with trees"
				},
				"headline" : {
					"short" : "Pictures of Palm Trees"
				},
				"excerpt" : {
					"medium" : "A set of photographs of different palm trees around the world."
				}
				
			}
		],
		"btnText" : "View More",
		"pagination" : {
			"paginationList" : [
			
			]			
		}
	}
}