{
	"title" : "Videos",
	"bodyClass": "blue-square",
    "emergency" : false,
    "landingImage" : [
        {
            "style" : "videos"
        }
    ],
	"latestPosts" : {
		"sectionTitle": "",
		"mediaList": [
			{
				"url" : "",
				"imgSquare" : {
					"src": "../../images/fpo_16X9.png",
					"alt": "red mountains"
				},
				"headline" : {
					"short" : "This is a title"
				},
				"excerpt" : {
					"medium" : "This is a description."
				}
				
			},
			{
				"url" : "",
				"imgSquare" : {
					"src": "../../images/tn-2.jpg",
					"alt": "road with trees"
				},
				"headline" : {
					"short" : "Surfing Alone"
				},
				"excerpt" : {
					"medium" : "The pros and cons of surfing by yourself."
				}
				
			},
			{
				"url" : "",
				"imgSquare" : {
					"src": "../../images/fpo_16X9.png",
					"alt": "red mountains"
				},
				"headline" : {
					"short" : "This is a title"
				},
				"excerpt" : {
					"medium" : "This is a description."
				}
				
			},
			{
				"url" : "",
				"imgSquare" : {
					"src": "../../images/tn-4.jpg",
					"alt": "road with trees"
				},
				"headline" : {
					"short" : "The History of Venice Beach"
				},
				"excerpt" : {
					"medium" : "How Venice Beach became to be the way it is today."
				}
				
			},
			{
				"url" : "",
				"imgSquare" : {
					"src": "../../images/fpo_16X9.png",
					"alt": "red mountains"
				},
				"headline" : {
					"short" : "This is a title"
				},
				"excerpt" : {
					"medium" : "This is a description."
				}
				
			},
			{
				"url" : "",
				"imgSquare" : {
					"src": "../../images/fpo_16X9.png",
					"alt": "red mountains"
				},
				"headline" : {
					"short" : "This is a title"
				},
				"excerpt" : {
					"medium" : "This is a description."
				}
				
			},
			{
				"url" : "",
				"imgSquare" : {
					"src": "../../images/tn-7.jpg",
					"alt": "mountain and lake"
				},
				"headline" : {
					"short" : "The Best Tattoo Shops in Cali"
				},
				"excerpt" : {
					"medium" : ""
				}
				
			},
			{
				"url" : "",
				"imgSquare" : {
					"src": "../../images/fpo_16X9.png",
					"alt": "red mountains"
				},
				"headline" : {
					"short" : "This is a title"
				},
				"excerpt" : {
					"medium" : "This is a description."
				}
				
			}
		],
		"mediaLargeList": [
			{
				"url" : "",
				"imgSquare" : {
					"src": "../../images/lg-1.jpg",
					"alt": "red mountains"
				},
				"headline" : {
					"short" : "Living in Cape Town"
				},
				"excerpt" : {
					"medium" : "Cape Town is a port city on South Africa’s southwest coast, on a peninsula beneath the imposing Table Mountain."
				}
				
			},
			{
                "style" : "right",
				"url" : "",
				"imgSquare" : {
					"src": "../../images/fpo_16X9.png",
					"alt": "red mountains"
				},
				"headline" : {
					"short" : "This is a title"
				},
				"excerpt" : {
					"medium" : "This is a description."
				}
				
			},
			{
				"url" : "",
				"imgSquare" : {
					"src": "../../images/fpo_16X9.png",
					"alt": "red mountains"
				},
				"headline" : {
					"short" : "This is a title"
				},
				"excerpt" : {
					"medium" : "This is a description."
				}
				
			},
			{
                "style" : "right",
				"url" : "",
				"imgSquare" : {
					"src": "../../images/fpo_16X9.png",
					"alt": "red mountains"
				},
				"headline" : {
					"short" : "This is a title"
				},
				"excerpt" : {
					"medium" : "This is a description."
				}
				
			}
		],
		"btnText" : "View More",
		"pagination" : {
			"paginationList" : [
			
			]			
		}
	}
}