{
	"title" : "Words",
	"bodyClass": "blue-square",
    "emergency" : false,
    "landingImage" : [
        {
            "style" : "words"
        }
    ],
	"latestPosts" : {
		"sectionTitle": "",
		"mediaList": [
			{
				"url" : "",
				"imgSquare" : {
					"src": "../../images/fpo_16X9.png",
					"alt": "red mountains"
				},
				"headline" : {
					"short" : "This is a title"
				},
				"excerpt" : {
					"medium" : "This is a description."
				}
				
			},
			{
				"url" : "",
				"imgSquare" : {
					"src": "../../images/fpo_16X9.png",
					"alt": "red mountains"
				},
				"headline" : {
					"short" : "This is a title"
				},
				"excerpt" : {
					"medium" : "This is a description."
				}
				
			},
			{
				"url" : "",
				"imgSquare" : {
					"src": "../../images/tn-3.jpg",
					"alt": "mountain and lake"
				},
				"headline" : {
					"short" : "The 5 Best Hikes You Need to Add to Your Bucket List"
				},
				"excerpt" : {
					"medium" : ""
				}
				
			},
			{
				"url" : "",
				"imgSquare" : {
					"src": "../../images/fpo_16X9.png",
					"alt": "red mountains"
				},
				"headline" : {
					"short" : "This is a title"
				},
				"excerpt" : {
					"medium" : "This is a description."
				}
				
			},
			{
				"url" : "",
				"imgSquare" : {
					"src": "../../images/fpo_16X9.png",
					"alt": "red mountains"
				},
				"headline" : {
					"short" : "This is a title"
				},
				"excerpt" : {
					"medium" : "This is a description."
				}
				
			},
			{
				"url" : "",
				"imgSquare" : {
					"src": "../../images/tn-6.jpg",
					"alt": "mountain and lake"
				},
				"headline" : {
					"short" : "Hidden Gems for Your Next Skate Trip"
				},
				"excerpt" : {
					"medium" : "The best places to skate that you have never heard of before."
				}
				
			},
			{
				"url" : "",
				"imgSquare" : {
					"src": "../../images/fpo_16X9.png",
					"alt": "red mountains"
				},
				"headline" : {
					"short" : "This is a title"
				},
				"excerpt" : {
					"medium" : "This is a description."
				}
				
			},
			{
				"url" : "",
				"imgSquare" : {
					"src": "../../images/tn-8.jpg",
					"alt": "mountain and lake"
				},
				"headline" : {
					"short" : "The Guide to Art Museums"
				},
				"excerpt" : {
					"medium" : "How to view art, what to expect, and what not to do."
				}
				
			}
		],
		"mediaLargeList": [
			{
				"url" : "",
				"imgSquare" : {
					"src": "../../images/fpo_16X9.png",
					"alt": "red mountains"
				},
				"headline" : {
					"short" : "This is a title"
				},
				"excerpt" : {
					"medium" : "This is a description."
				}
				
			},
			{
                "style" : "right",
				"url" : "",
				"imgSquare" : {
					"src": "../../images/fpo_16X9.png",
					"alt": "red mountains"
				},
				"headline" : {
					"short" : "This is a title"
				},
				"excerpt" : {
					"medium" : "This is a description."
				}
				
			},
			{
				"url" : "",
				"imgSquare" : {
					"src": "../../images/lg-3.jpg",
					"alt": "mountain and lake"
				},
				"headline" : {
					"short" : "Pool Party Games"
				},
				"excerpt" : {
					"medium" : "The most fun games for your next pool party."
				}
				
			},
			{
                "style" : "right",
				"url" : "",
				"imgSquare" : {
					"src": "../../images/fpo_16X9.png",
					"alt": "red mountains"
				},
				"headline" : {
					"short" : "This is a title"
				},
				"excerpt" : {
					"medium" : "This is a description."
				}
				
			}
		],
		"btnText" : "View More",
		"pagination" : {
			"paginationList" : [
			
			]			
		}
	}
}