{
	"title" : "Music",
	"bodyClass": "blue-square",
	"emergency" : false,
    "landingImage" : [
        {
            "style" : "music"
        }
    ],
	"latestPosts" : {
		"sectionTitle": "",
		"mediaList": [
			{
				"url" : "",
				"imgSquare" : {
					"src": "../../images/tn-1.jpg",
					"alt": "red mountains"
				},
				"headline" : {
					"short" : "Our Soundtrack to Portland"
				},
				"excerpt" : {
					"medium" : "A playlist that screams Rip City."
				}
				
			},
			{
				"url" : "",
				"imgSquare" : {
					"src": "../../images/fpo_16X9.png",
					"alt": "red mountains"
				},
				"headline" : {
					"short" : "This is a title"
				},
				"excerpt" : {
					"medium" : "This is a description."
				}
				
			},
			{
				"url" : "",
				"imgSquare" : {
					"src": "../../images/fpo_16X9.png",
					"alt": "red mountains"
				},
				"headline" : {
					"short" : "This is a title"
				},
				"excerpt" : {
					"medium" : "This is a description."
				}
				
			},
			{
				"url" : "",
				"imgSquare" : {
					"src": "../../images/fpo_16X9.png",
					"alt": "red mountains"
				},
				"headline" : {
					"short" : "This is a title"
				},
				"excerpt" : {
					"medium" : "This is a description."
				}
				
			},
			{
				"url" : "",
				"imgSquare" : {
					"src": "../../images/fpo_16X9.png",
					"alt": "red mountains"
				},
				"headline" : {
					"short" : "This is a title"
				},
				"excerpt" : {
					"medium" : "This is a description."
				}
				
			},
			{
				"url" : "",
				"imgSquare" : {
					"src": "../../images/fpo_16X9.png",
					"alt": "red mountains"
				},
				"headline" : {
					"short" : "This is a title"
				},
				"excerpt" : {
					"medium" : "This is a description."
				}
				
			},
			{
				"url" : "",
				"imgSquare" : {
					"src": "../../images/fpo_16X9.png",
					"alt": "red mountains"
				},
				"headline" : {
					"short" : "This is a title"
				},
				"excerpt" : {
					"medium" : "This is a description."
				}
				
			},
			{
				"url" : "",
				"imgSquare" : {
					"src": "../../images/fpo_16X9.png",
					"alt": "red mountains"
				},
				"headline" : {
					"short" : "This is a title"
				},
				"excerpt" : {
					"medium" : "This is a description."
				}
				
			}
		],
		"mediaLargeList": [
			{
				"url" : "",
				"imgSquare" : {
					"src": "../../images/fpo_16X9.png",
					"alt": "red mountains"
				},
				"headline" : {
					"short" : "This is a title"
				},
				"excerpt" : {
					"medium" : "This is a description."
				}
				
			},
			{
                "style" : "right",
				"url" : "",
				"imgSquare" : {
					"src": "../../images/fpo_16X9.png",
					"alt": "red mountains"
				},
				"headline" : {
					"short" : "This is a title"
				},
				"excerpt" : {
					"medium" : "This is a description."
				}
				
			},
			{
				"url" : "",
				"imgSquare" : {
					"src": "../../images/fpo_16X9.png",
					"alt": "red mountains"
				},
				"headline" : {
					"short" : "This is a title"
				},
				"excerpt" : {
					"medium" : "This is a description."
				}
				
			},
			{
                "style" : "right",
				"url" : "",
				"imgSquare" : {
					"src": "../../images/fpo_16X9.png",
					"alt": "red mountains"
				},
				"headline" : {
					"short" : "This is a title"
				},
				"excerpt" : {
					"medium" : "This is a description."
				}
				
			}
		],
		"btnText" : "View More",
		"pagination" : {
			"paginationList" : [
			
			]			
		}
	}
}